{
    "key": "group_63760a362aa25",
    "title": "Titre standard ou personnalisé",
    "fields": [
        {
            "key": "field_63760b0e00a1b",
            "label": "Afficher un titre personnalisé",
            "name": "custom-title",
            "aria-label": "",
            "type": "true_false",
            "instructions": "",
            "required": 0,
            "conditional_logic": 0,
            "wrapper": {
                "width": "20",
                "class": "",
                "id": ""
            },
            "message": "",
            "default_value": 1,
            "ui_on_text": "Oui",
            "ui_off_text": "Non",
            "ui": 1
        },
        {
            "key": "field_63760a3700a1a",
            "label": "Titre personnalisé",
            "name": "text-for-title",
            "aria-label": "",
            "type": "text",
            "instructions": "",
            "required": 0,
            "conditional_logic": [
                [
                    {
                        "field": "field_63760b0e00a1b",
                        "operator": "==",
                        "value": "1"
                    }
                ]
            ],
            "wrapper": {
                "width": "80",
                "class": "",
                "id": ""
            },
            "default_value": "text",
            "maxlength": "",
            "placeholder": "",
            "prepend": "",
            "append": ""
        },
        {
            "key": "field_63761c03bf6e9",
            "label": "Afficher un sous-titre personnalisé",
            "name": "custom-subtitle",
            "aria-label": "",
            "type": "true_false",
            "instructions": "",
            "required": 0,
            "conditional_logic": 0,
            "wrapper": {
                "width": "20",
                "class": "",
                "id": ""
            },
            "message": "",
            "default_value": 0,
            "ui_on_text": "Oui",
            "ui_off_text": "Non",
            "ui": 1
        },
        {
            "key": "field_63761c20bf6ea",
            "label": "Sous-titre personnalisé",
            "name": "text-for-subtitle",
            "aria-label": "",
            "type": "text",
            "instructions": "",
            "required": 0,
            "conditional_logic": [
                [
                    {
                        "field": "field_63761c03bf6e9",
                        "operator": "==",
                        "value": "1"
                    }
                ]
            ],
            "wrapper": {
                "width": "80",
                "class": "",
                "id": ""
            },
            "default_value": "text",
            "maxlength": "",
            "placeholder": "",
            "prepend": "",
            "append": ""
        }
    ],
    "location": [
        [
            {
                "param": "post_type",
                "operator": "==",
                "value": "page"
            }
        ],
        [
            {
                "param": "post_type",
                "operator": "==",
                "value": "post"
            }
        ]
    ],
    "menu_order": 0,
    "position": "acf_after_title",
    "style": "seamless",
    "label_placement": "top",
    "instruction_placement": "label",
    "hide_on_screen": "",
    "active": true,
    "description": "Affiche un titre et\/ou un sous titre personnalisé",
    "show_in_rest": 0,
    "modified": 1668694847
}