{
	"$schema": "https://schemas.wp.org/trunk/theme.json",
	"settings": {
		"appearanceTools": true,
		"color": {
			"defaultPalette": false,
			"duotone": [
				{
					"colors": [
						"#D1D1E4",
						"#EEEADD"
					],
					"name": "Purple and yellow",
					"slug": "purple-and-yellow"
				}
			],
			"gradients": [
				{
					"gradient": "linear-gradient(145deg, rgba(252,163,0,1) 18%, rgba(193,132,0,1) 100%)",
					"name": "Gold 1",
					"slug": "gold-1"
				},
				{
					"gradient": "linear-gradient(90deg, #EEEADD 0%, #EEEADD 50%, #5a6044 50.001%, #5a6044 100%)",
					"name": "Fond clair-foncé",
					"slug": "fond-clair-fonce"
				},
				{
					"gradient": "linear-gradient(160deg, var(--wp--preset--color--purple), var(--wp--preset--color--yellow))",
					"name": "Purple to Yellow",
					"slug": "purple-to-yellow"
				}
			],
			"palette": [
				{
					"color": "#153041",
					"name": "Principale",
					"slug": "primary"
				},
				{
					"color": "#e5e1c455",
					"name": "Secondaire",
					"slug": "secondary"
				},
				{
					"color": "#fca300",
					"name": "Tertiaire",
					"slug": "tertiary"
				},
				{
					"color": "#eb6379",
					"name": "Rose",
					"slug": "quaternary"
				},
				{
					"color": "#153041",
					"name": "Texte",
					"slug": "text"
				},
				{
					"color": "#fff",
					"name": "Blanc",
					"slug": "base"
				},
				{
					"color": "#000",
					"name": "Noir",
					"slug": "contrast"
				},
				{
					"color": "#d3d3d3",
					"name": "Gris clair",
					"slug": "lightgray"
				}
			]
		},
		"layout": {
			"contentSize": "1100px",
			"wideSize": "1200px"
		},
		"typography": {
			"fluid": true,
			"fontFamilies": [
				{
					"fontFace": [
						{
							"fontFamily": "Fraunces",
							"fontStretch": "normal",
							"fontStyle": "normal",
							"fontWeight": "200 900",
							"src": [
								"file:./assets/fonts/Fraunces/Fraunces-VariableFont_SOFT,WONK,opsz,wght.ttf"
							]
						},
						{
							"fontFamily": "Fraunces",
							"fontStretch": "normal",
							"fontStyle": "italic",
							"fontWeight": "200 900",
							"src": [
								"file:./assets/fonts/Fraunces/Fraunces-italic-VariableFont_SOFT,WONK,opsz,wght.ttf"
							]
						}
					],
					"fontFamily": "\"Fraunces\",serif",
					"name": "Titres",
					"slug": "titles-font"
				},
				{
					"fontFace": [
						{
							"fontFamily": "Roboto Flex",
							"fontStretch": "normal",
							"fontWeight": "200 900",
							"src": [
								"file:./assets/fonts/Roboto Flex/RobotoFlex-VariableFont_GRAD,XTRA,YOPQ,YTAS,YTDE,YTFI,YTLC,YTUC,opsz,slnt,wdth,wght.ttf"
							]
						}
					],
					"fontFamily": "\"Roboto Flex\",sans-serif",
					"name": "Menu",
					"slug": "menu-font"
				},
				{
					"fontFace": [
						{
							"fontFamily": "Roboto Flex",
							"fontStretch": "normal",
							"fontWeight": "200 900",
							"src": [
								"file:./assets/fonts/Roboto Flex/RobotoFlex-VariableFont_GRAD,XTRA,YOPQ,YTAS,YTDE,YTFI,YTLC,YTUC,opsz,slnt,wdth,wght.ttf"
							]
						}
					],
					"fontFamily": "\"Roboto Flex\",sans-serif",
					"name": "Bouton",
					"slug": "button-font"
				},
				{
					"fontFace": [
						{
							"fontFamily": "Open Sans",
							"fontStretch": "normal",
							"fontStyle": "normal",
							"fontWeight": "200 900",
							"src": [
								"file:./assets/fonts/OpenSans/OpenSans-VariableFont_wdth,wght.ttf"
							]
						},
						{
							"fontFamily": "Open Sans ",
							"fontStretch": "normal",
							"fontStyle": "italic",
							"fontWeight": "200 900",
							"src": [
								"file:./assets/fonts/OpenSans/OpenSans-Italic-VariableFont_wdth,wght.ttf"
							]
						}
					],
					"fontFamily": "\"Open Sans\",sans-serif",
					"name": "Texte",
					"slug": "text-font"
				},
				{
					"fontFace": [
						{
							"fontFamily": "Fraunces Text",
							"fontStretch": "normal",
							"fontStyle": "normal",
							"fontWeight": "200 900",
							"src": [
								"file:./assets/fonts/Fraunces/Fraunces-VariableFont_SOFT,WONK,opsz,wght.ttf"
							]
						},
						{
							"fontFamily": "Fraunces Text",
							"fontStretch": "normal",
							"fontStyle": "italic",
							"fontWeight": "200 900",
							"src": [
								"file:./assets/fonts/Fraunces/Fraunces-italic-VariableFont_SOFT,WONK,opsz,wght.ttf"
							]
						}
					],
					"fontFamily": "\"Fraunces Text\",serif",
					"name": "Texte 2",
					"slug": "text2-font"
				},
				{
					"fontFace": [
						{
							"fontDisplay": "fallback",
							"fontFamily": "Fraunces",
							"fontStretch": "normal",
							"fontStyle": "normal",
							"fontWeight": "200 900",
							"origin": "gutenberg_wp_webfonts_api",
							"provider": "local",
							"src": [
								"http://dev.christinedeloupy.fr/wp-content/themes/cd2023/assets/fonts/Fraunces/Fraunces-VariableFont_SOFT,WONK,opsz,wght.ttf"
							]
						},
						{
							"fontDisplay": "fallback",
							"fontFamily": "Fraunces",
							"fontStretch": "normal",
							"fontStyle": "italic",
							"fontWeight": "200 900",
							"origin": "gutenberg_wp_webfonts_api",
							"provider": "local",
							"src": [
								"http://dev.christinedeloupy.fr/wp-content/themes/cd2023/assets/fonts/Fraunces/Fraunces-italic-VariableFont_SOFT,WONK,opsz,wght.ttf"
							]
						}
					],
					"fontFamily": "Fraunces",
					"name": "Fraunces",
					"slug": "fraunces"
				},
				{
					"fontFace": [
						{
							"fontDisplay": "fallback",
							"fontFamily": "Roboto Flex",
							"fontStretch": "normal",
							"fontStyle": "normal",
							"fontWeight": "200 900",
							"origin": "gutenberg_wp_webfonts_api",
							"provider": "local",
							"src": [
								"http://dev.christinedeloupy.fr/wp-content/themes/cd2023/assets/fonts/Roboto Flex/RobotoFlex-VariableFont_GRAD,XTRA,YOPQ,YTAS,YTDE,YTFI,YTLC,YTUC,opsz,slnt,wdth,wght.ttf"
							]
						},
						{
							"fontDisplay": "fallback",
							"fontFamily": "Roboto Flex",
							"fontStretch": "normal",
							"fontStyle": "normal",
							"fontWeight": "200 900",
							"origin": "gutenberg_wp_webfonts_api",
							"provider": "local",
							"src": [
								"http://dev.christinedeloupy.fr/wp-content/themes/cd2023/assets/fonts/Roboto Flex/RobotoFlex-VariableFont_GRAD,XTRA,YOPQ,YTAS,YTDE,YTFI,YTLC,YTUC,opsz,slnt,wdth,wght.ttf"
							]
						}
					],
					"fontFamily": "'Roboto Flex'",
					"name": "Roboto Flex",
					"slug": "roboto-flex"
				},
				{
					"fontFace": [
						{
							"fontDisplay": "fallback",
							"fontFamily": "Open Sans",
							"fontStretch": "normal",
							"fontStyle": "normal",
							"fontWeight": "200 900",
							"origin": "gutenberg_wp_webfonts_api",
							"provider": "local",
							"src": [
								"http://dev.christinedeloupy.fr/wp-content/themes/cd2023/assets/fonts/OpenSans/OpenSans-VariableFont_wdth,wght.ttf"
							]
						},
						{
							"fontDisplay": "fallback",
							"fontFamily": "Open Sans ",
							"fontStretch": "normal",
							"fontStyle": "italic",
							"fontWeight": "200 900",
							"origin": "gutenberg_wp_webfonts_api",
							"provider": "local",
							"src": [
								"http://dev.christinedeloupy.fr/wp-content/themes/cd2023/assets/fonts/OpenSans/OpenSans-Italic-VariableFont_wdth,wght.ttf"
							]
						}
					],
					"fontFamily": "'Open Sans'",
					"name": "Open Sans",
					"slug": "open-sans"
				},
				{
					"fontFace": [
						{
							"fontDisplay": "fallback",
							"fontFamily": "Fraunces Text",
							"fontStretch": "normal",
							"fontStyle": "normal",
							"fontWeight": "200 900",
							"origin": "gutenberg_wp_webfonts_api",
							"provider": "local",
							"src": [
								"http://dev.christinedeloupy.fr/wp-content/themes/cd2023/assets/fonts/Fraunces/Fraunces-VariableFont_SOFT,WONK,opsz,wght.ttf"
							]
						},
						{
							"fontDisplay": "fallback",
							"fontFamily": "Fraunces Text",
							"fontStretch": "normal",
							"fontStyle": "italic",
							"fontWeight": "200 900",
							"origin": "gutenberg_wp_webfonts_api",
							"provider": "local",
							"src": [
								"http://dev.christinedeloupy.fr/wp-content/themes/cd2023/assets/fonts/Fraunces/Fraunces-italic-VariableFont_SOFT,WONK,opsz,wght.ttf"
							]
						}
					],
					"fontFamily": "'Fraunces Text'",
					"name": "Fraunces Text",
					"slug": "fraunces-text"
				}
			],
			"fontSizes": [
				{
					"fluid": {
						"max": "1rem",
						"min": "0.6rem"
					},
					"name": "Small",
					"size": "0.7rem",
					"slug": "small"
				},
				{
					"fluid": {
						"max": "1.5rem",
						"min": "1rem"
					},
					"name": "Medium",
					"size": "1rem",
					"slug": "medium"
				},
				{
					"fluid": {
						"max": "2rem",
						"min": "1.5rem"
					},
					"name": "Large",
					"size": "1.5rem",
					"slug": "large"
				},
				{
					"fluid": {
						"max": "2.5rem",
						"min": "2rem"
					},
					"name": "XL",
					"size": "2rem",
					"slug": "xl"
				},
				{
					"fluid": {
						"max": "3.5rem",
						"min": "2.5rem"
					},
					"name": "XXL",
					"size": "2.5rem",
					"slug": "xxl"
				}
			]
		}
	},
	"styles": {
		"blocks": {
			"core/button": {
				"typography": {
					"fontFamily": "var(--wp--preset--font-family--button-font)",
					"fontSize": "var(--wp--preset--font-size--small)",
					"fontStyle": "normal",
					"fontWeight": "600"
				}
			},
			"core/buttons": {
				"typography": {
					"fontFamily": "var:preset|font-family|menu-font",
					"fontSize": "var:preset|font-size|small",
					"fontStyle": "normal",
					"fontWeight": "600",
					"textTransform": "capitalize"
				}
			},
			"core/navigation": {
				"typography": {
					"fontFamily": "var(--wp--preset--font-family--menu-font)",
					"fontStyle": "medium",
					"fontWeight": "400",
					"textTransform": "uppercase"
				}
			}
		},
		"elements": {
			"button": {
				":focus": {
					"color": {
						"background": "var(--wp--preset--color--primary)",
						"text": "var(--wp--preset--color--tertiary)"
					}
				},
				":hover": {
					"color": {
						"background": "var(--wp--preset--color--primary)",
						"text": "var(--wp--preset--color--tertiary)"
					}
				},
				"color": {
					"background": "var(--wp--preset--color--tertiary)",
					"text": "var(--wp--preset--color--primary)"
				},
				"typography": {
					"fontFamily": "var(--wp--preset--font-family--button-font)",
					"fontSize": "var(--wp--preset--font-size--small)",
					"fontStyle": "normal",
					"fontWeight": "600"
				}
			},
			"heading": {
				"color": {
					"text": "var(--wp--preset--color--quaternary)"
				},
				"spacing": {
					"margin": {
						"bottom": "1rem",
						"top": "1rem"
					}
				},
				"typography": {
					"fontFamily": "\"Fraunces\",serif",
					"fontStyle": "normal",
					"fontWeight": "600",
					"textTransform": "none"
				}
			},
			"link": {
				"typography": {
					"fontFamily": "\"Open Sans\",sans-serif",
					"fontSize": "var:preset|font-size|small",
					"fontStyle": "normal",
					"fontWeight": "500",
					"textDecoration": "none"
				}
			}
		},
		"spacing": {
			"blockGap": "0",
			"padding": {
				"bottom": "0px",
				"left": "0px",
				"right": "0px",
				"top": "0px"
			}
		},
		"typography": {
			"fontFamily": "var:preset|font-family|text-font",
			"fontSize": "var:preset|font-size|small",
			"fontStyle": "normal",
			"fontWeight": "400"
		}
	},
	"templateParts": [
		{
			"area": "header",
			"name": "header",
			"title": "Header"
		},
		{
			"area": "header",
			"name": "shop-header",
			"title": "Shop Header "
		},
		{
			"area": "header",
			"name": "header-home-page",
			"title": "Header Home Page"
		},
		{
			"area": "header",
			"name": "header-category",
			"title": "Header Category"
		},
		{
			"area": "footer",
			"name": "footer",
			"title": "Footer"
		}
	],
	"version": 2
}